-- phpMyAdmin SQL Dump
-- version 5.2.1
-- https://www.phpmyadmin.net/
--
-- Servidor: 127.0.0.1
-- Tiempo de generación: 25-05-2025 a las 09:01:34
-- Versión del servidor: 10.4.32-MariaDB
-- Versión de PHP: 8.0.30

SET SQL_MODE = "NO_AUTO_VALUE_ON_ZERO";
START TRANSACTION;
SET time_zone = "+00:00";


/*!40101 SET @OLD_CHARACTER_SET_CLIENT=@@CHARACTER_SET_CLIENT */;
/*!40101 SET @OLD_CHARACTER_SET_RESULTS=@@CHARACTER_SET_RESULTS */;
/*!40101 SET @OLD_COLLATION_CONNECTION=@@COLLATION_CONNECTION */;
/*!40101 SET NAMES utf8mb4 */;

--
-- Base de datos: `los_rosales`
--

-- --------------------------------------------------------

--
-- Estructura de tabla para la tabla `administrador`
--

CREATE TABLE `administrador` (
  `idAdministrador` int(11) NOT NULL,
  `nombre` varchar(45) NOT NULL,
  `apellido` varchar(45) NOT NULL,
  `correo` varchar(45) NOT NULL,
  `clave` varchar(45) NOT NULL
) ENGINE=InnoDB DEFAULT CHARSET=utf8mb4 COLLATE=utf8mb4_general_ci;

--
-- Volcado de datos para la tabla `administrador`
--

INSERT INTO `administrador` (`idAdministrador`, `nombre`, `apellido`, `correo`, `clave`) VALUES
(1, 'Ana', 'García', 'ana.garcia@losrosales.com', '202cb962ac59075b964b07152d234b70'),
(2, 'Luis', 'Martínez', 'luis.martinez@losrosales.com', '202cb962ac59075b964b07152d234b70');

-- --------------------------------------------------------

--
-- Estructura de tabla para la tabla `apartamento`
--

CREATE TABLE `apartamento` (
  `torre` varchar(45) NOT NULL,
  `apartamento` varchar(45) NOT NULL,
  `Propietario_idPropietario` int(11) NOT NULL,
  `saldo` int(11) NOT NULL
) ENGINE=InnoDB DEFAULT CHARSET=utf8mb4 COLLATE=utf8mb4_general_ci;

--
-- Volcado de datos para la tabla `apartamento`
--

INSERT INTO `apartamento` (`torre`, `apartamento`, `Propietario_idPropietario`, `saldo`) VALUES
('T1', '101', 1, 1144),
('T1', '102', 1, 0),
('T1', '103', 1, 0),
('T1', '104', 1, 0),
('T1', '105', 1, 0),
('T1', '106', 1, 0),
('T1', '107', 1, 0),
('T1', '108', 1, 0),
('T1', '109', 1, 0),
('T1', '110', 1, 0),
('T2', '201', 2, 0),
('T2', '202', 2, 0),
('T2', '203', 2, 0),
('T2', '204', 2, 0),
('T2', '205', 2, 0),
('T2', '206', 2, 0),
('T2', '207', 2, 0),
('T2', '208', 2, 0),
('T2', '209', 2, 0),
('T2', '210', 2, 0);

-- --------------------------------------------------------

--
-- Estructura de tabla para la tabla `factura`
--

CREATE TABLE `factura` (
  `idFactura` int(11) NOT NULL AUTO_INCREMENT,
  `Administrador_idAdministrador` int(11) NOT NULL,
  `Apartamento_torre` varchar(45) NOT NULL,
  `Apartamento_apartamento` varchar(45) NOT NULL,
  `fecha_cobro` date NOT NULL,
  `fecha_pago` date DEFAULT NULL,
  `pago_sin_interes` int(11) NOT NULL,
  `interes` int(11) NOT NULL,
  `pago_total` int(11) NOT NULL,
  PRIMARY KEY (`idFactura`)
) ENGINE=InnoDB DEFAULT CHARSET=utf8mb4 COLLATE=utf8mb4_general_ci AUTO_INCREMENT=601;


--
-- Volcado de datos para la tabla `factura`
--

INSERT INTO `factura` (`idFactura`, `Administrador_idAdministrador`, `Apartamento_torre`, `Apartamento_apartamento`, `fecha_cobro`, `fecha_pago`, `pago_sin_interes`, `interes`, `pago_total`) VALUES
(1, 1, 'T1', '101', '2022-12-01', '2025-05-25', 1000, 248, 1248),
(2, 2, 'T1', '101', '2023-01-01', '2025-05-25', 1000, 239, 1239),
(3, 1, 'T1', '101', '2023-02-01', '2025-05-25', 1000, 231, 1231),
(4, 2, 'T1', '101', '2023-03-01', '2025-05-25', 1000, 223, 1223),
(5, 1, 'T1', '101', '2023-04-01', '2025-05-25', 1000, 215, 1215),
(6, 2, 'T1', '101', '2023-05-01', NULL, 1000, 206, 1206),
(7, 1, 'T1', '101', '2023-06-01', NULL, 1000, 198, 1198),
(8, 2, 'T1', '101', '2023-07-01', NULL, 1000, 190, 1190),
(9, 1, 'T1', '101', '2023-08-01', NULL, 1000, 181, 1181),
(10, 2, 'T1', '101', '2023-09-01', NULL, 1000, 173, 1173),
(11, 1, 'T1', '101', '2023-10-01', NULL, 1000, 165, 1165),
(12, 2, 'T1', '101', '2023-11-01', NULL, 1000, 156, 1156),
(13, 1, 'T1', '101', '2023-12-01', NULL, 1000, 148, 1148),
(14, 2, 'T1', '101', '2024-01-01', NULL, 1000, 138, 1138),
(15, 1, 'T1', '101', '2024-02-01', NULL, 1000, 129, 1129),
(16, 2, 'T1', '101', '2024-03-01', NULL, 1000, 121, 1121),
(17, 1, 'T1', '101', '2024-04-01', NULL, 1000, 112, 1112),
(18, 2, 'T1', '101', '2024-05-01', NULL, 1000, 104, 1104),
(19, 1, 'T1', '101', '2024-06-01', NULL, 1000, 96, 1096),
(20, 2, 'T1', '101', '2024-07-01', NULL, 1000, 87, 1087),
(21, 1, 'T1', '101', '2024-08-01', NULL, 1000, 79, 1079),
(22, 2, 'T1', '101', '2024-09-01', NULL, 1000, 71, 1071),
(23, 1, 'T1', '101', '2024-10-01', NULL, 1000, 62, 1062),
(24, 2, 'T1', '101', '2024-11-01', NULL, 1000, 54, 1054),
(25, 1, 'T1', '101', '2024-12-01', NULL, 1000, 46, 1046),
(26, 2, 'T1', '101', '2025-01-01', NULL, 1000, 37, 1037),
(27, 1, 'T1', '101', '2025-02-01', NULL, 1000, 27, 1027),
(28, 2, 'T1', '101', '2025-03-01', NULL, 1000, 19, 1019),
(29, 1, 'T1', '101', '2025-04-01', NULL, 1000, 10, 1010),
(30, 2, 'T1', '101', '2025-05-01', NULL, 1000, 3, 1003),
(31, 1, 'T1', '102', '2022-12-01', NULL, 1000, 248, 1248),
(32, 2, 'T1', '102', '2023-01-01', NULL, 1000, 239, 1239),
(33, 1, 'T1', '102', '2023-02-01', NULL, 1000, 231, 1231),
(34, 2, 'T1', '102', '2023-03-01', NULL, 1000, 223, 1223),
(35, 1, 'T1', '102', '2023-04-01', NULL, 1000, 215, 1215),
(36, 2, 'T1', '102', '2023-05-01', NULL, 1000, 206, 1206),
(37, 1, 'T1', '102', '2023-06-01', NULL, 1000, 198, 1198),
(38, 2, 'T1', '102', '2023-07-01', NULL, 1000, 190, 1190),
(39, 1, 'T1', '102', '2023-08-01', NULL, 1000, 181, 1181),
(40, 2, 'T1', '102', '2023-09-01', NULL, 1000, 173, 1173),
(41, 1, 'T1', '102', '2023-10-01', NULL, 1000, 165, 1165),
(42, 2, 'T1', '102', '2023-11-01', NULL, 1000, 156, 1156),
(43, 1, 'T1', '102', '2023-12-01', NULL, 1000, 148, 1148),
(44, 2, 'T1', '102', '2024-01-01', NULL, 1000, 138, 1138),
(45, 1, 'T1', '102', '2024-02-01', NULL, 1000, 129, 1129),
(46, 2, 'T1', '102', '2024-03-01', NULL, 1000, 121, 1121),
(47, 1, 'T1', '102', '2024-04-01', NULL, 1000, 112, 1112),
(48, 2, 'T1', '102', '2024-05-01', NULL, 1000, 104, 1104),
(49, 1, 'T1', '102', '2024-06-01', NULL, 1000, 96, 1096),
(50, 2, 'T1', '102', '2024-07-01', NULL, 1000, 87, 1087),
(51, 1, 'T1', '102', '2024-08-01', NULL, 1000, 79, 1079),
(52, 2, 'T1', '102', '2024-09-01', NULL, 1000, 71, 1071),
(53, 1, 'T1', '102', '2024-10-01', NULL, 1000, 62, 1062),
(54, 2, 'T1', '102', '2024-11-01', NULL, 1000, 54, 1054),
(55, 1, 'T1', '102', '2024-12-01', NULL, 1000, 46, 1046),
(56, 2, 'T1', '102', '2025-01-01', NULL, 1000, 37, 1037),
(57, 1, 'T1', '102', '2025-02-01', NULL, 1000, 27, 1027),
(58, 2, 'T1', '102', '2025-03-01', NULL, 1000, 19, 1019),
(59, 1, 'T1', '102', '2025-04-01', NULL, 1000, 10, 1010),
(60, 2, 'T1', '102', '2025-05-01', NULL, 1000, 3, 1003),
(61, 1, 'T1', '103', '2022-12-01', NULL, 1000, 248, 1248),
(62, 2, 'T1', '103', '2023-01-01', NULL, 1000, 239, 1239),
(63, 1, 'T1', '103', '2023-02-01', NULL, 1000, 231, 1231),
(64, 2, 'T1', '103', '2023-03-01', NULL, 1000, 223, 1223),
(65, 1, 'T1', '103', '2023-04-01', NULL, 1000, 215, 1215),
(66, 2, 'T1', '103', '2023-05-01', NULL, 1000, 206, 1206),
(67, 1, 'T1', '103', '2023-06-01', NULL, 1000, 198, 1198),
(68, 2, 'T1', '103', '2023-07-01', NULL, 1000, 190, 1190),
(69, 1, 'T1', '103', '2023-08-01', NULL, 1000, 181, 1181),
(70, 2, 'T1', '103', '2023-09-01', NULL, 1000, 173, 1173),
(71, 1, 'T1', '103', '2023-10-01', NULL, 1000, 165, 1165),
(72, 2, 'T1', '103', '2023-11-01', NULL, 1000, 156, 1156),
(73, 1, 'T1', '103', '2023-12-01', NULL, 1000, 148, 1148),
(74, 2, 'T1', '103', '2024-01-01', NULL, 1000, 138, 1138),
(75, 1, 'T1', '103', '2024-02-01', NULL, 1000, 129, 1129),
(76, 2, 'T1', '103', '2024-03-01', NULL, 1000, 121, 1121),
(77, 1, 'T1', '103', '2024-04-01', NULL, 1000, 112, 1112),
(78, 2, 'T1', '103', '2024-05-01', NULL, 1000, 104, 1104),
(79, 1, 'T1', '103', '2024-06-01', NULL, 1000, 96, 1096),
(80, 2, 'T1', '103', '2024-07-01', NULL, 1000, 87, 1087),
(81, 1, 'T1', '103', '2024-08-01', NULL, 1000, 79, 1079),
(82, 2, 'T1', '103', '2024-09-01', NULL, 1000, 71, 1071),
(83, 1, 'T1', '103', '2024-10-01', NULL, 1000, 62, 1062),
(84, 2, 'T1', '103', '2024-11-01', NULL, 1000, 54, 1054),
(85, 1, 'T1', '103', '2024-12-01', NULL, 1000, 46, 1046),
(86, 2, 'T1', '103', '2025-01-01', NULL, 1000, 37, 1037),
(87, 1, 'T1', '103', '2025-02-01', NULL, 1000, 27, 1027),
(88, 2, 'T1', '103', '2025-03-01', NULL, 1000, 19, 1019),
(89, 1, 'T1', '103', '2025-04-01', NULL, 1000, 10, 1010),
(90, 2, 'T1', '103', '2025-05-01', NULL, 1000, 3, 1003),
(91, 1, 'T1', '104', '2022-12-01', NULL, 1000, 248, 1248),
(92, 2, 'T1', '104', '2023-01-01', NULL, 1000, 239, 1239),
(93, 1, 'T1', '104', '2023-02-01', NULL, 1000, 231, 1231),
(94, 2, 'T1', '104', '2023-03-01', NULL, 1000, 223, 1223),
(95, 1, 'T1', '104', '2023-04-01', NULL, 1000, 215, 1215),
(96, 2, 'T1', '104', '2023-05-01', NULL, 1000, 206, 1206),
(97, 1, 'T1', '104', '2023-06-01', NULL, 1000, 198, 1198),
(98, 2, 'T1', '104', '2023-07-01', NULL, 1000, 190, 1190),
(99, 1, 'T1', '104', '2023-08-01', NULL, 1000, 181, 1181),
(100, 2, 'T1', '104', '2023-09-01', NULL, 1000, 173, 1173),
(101, 1, 'T1', '104', '2023-10-01', NULL, 1000, 165, 1165),
(102, 2, 'T1', '104', '2023-11-01', NULL, 1000, 156, 1156),
(103, 1, 'T1', '104', '2023-12-01', NULL, 1000, 148, 1148),
(104, 2, 'T1', '104', '2024-01-01', NULL, 1000, 138, 1138),
(105, 1, 'T1', '104', '2024-02-01', NULL, 1000, 129, 1129),
(106, 2, 'T1', '104', '2024-03-01', NULL, 1000, 121, 1121),
(107, 1, 'T1', '104', '2024-04-01', NULL, 1000, 112, 1112),
(108, 2, 'T1', '104', '2024-05-01', NULL, 1000, 104, 1104),
(109, 1, 'T1', '104', '2024-06-01', NULL, 1000, 96, 1096),
(110, 2, 'T1', '104', '2024-07-01', NULL, 1000, 87, 1087),
(111, 1, 'T1', '104', '2024-08-01', NULL, 1000, 79, 1079),
(112, 2, 'T1', '104', '2024-09-01', NULL, 1000, 71, 1071),
(113, 1, 'T1', '104', '2024-10-01', NULL, 1000, 62, 1062),
(114, 2, 'T1', '104', '2024-11-01', NULL, 1000, 54, 1054),
(115, 1, 'T1', '104', '2024-12-01', NULL, 1000, 46, 1046),
(116, 2, 'T1', '104', '2025-01-01', NULL, 1000, 37, 1037),
(117, 1, 'T1', '104', '2025-02-01', NULL, 1000, 27, 1027),
(118, 2, 'T1', '104', '2025-03-01', NULL, 1000, 19, 1019),
(119, 1, 'T1', '104', '2025-04-01', NULL, 1000, 10, 1010),
(120, 2, 'T1', '104', '2025-05-01', NULL, 1000, 3, 1003),
(121, 1, 'T1', '105', '2022-12-01', NULL, 1000, 248, 1248),
(122, 2, 'T1', '105', '2023-01-01', NULL, 1000, 239, 1239),
(123, 1, 'T1', '105', '2023-02-01', NULL, 1000, 231, 1231),
(124, 2, 'T1', '105', '2023-03-01', NULL, 1000, 223, 1223),
(125, 1, 'T1', '105', '2023-04-01', NULL, 1000, 215, 1215),
(126, 2, 'T1', '105', '2023-05-01', NULL, 1000, 206, 1206),
(127, 1, 'T1', '105', '2023-06-01', NULL, 1000, 198, 1198),
(128, 2, 'T1', '105', '2023-07-01', NULL, 1000, 190, 1190),
(129, 1, 'T1', '105', '2023-08-01', NULL, 1000, 181, 1181),
(130, 2, 'T1', '105', '2023-09-01', NULL, 1000, 173, 1173),
(131, 1, 'T1', '105', '2023-10-01', NULL, 1000, 165, 1165),
(132, 2, 'T1', '105', '2023-11-01', NULL, 1000, 156, 1156),
(133, 1, 'T1', '105', '2023-12-01', NULL, 1000, 148, 1148),
(134, 2, 'T1', '105', '2024-01-01', NULL, 1000, 138, 1138),
(135, 1, 'T1', '105', '2024-02-01', NULL, 1000, 129, 1129),
(136, 2, 'T1', '105', '2024-03-01', NULL, 1000, 121, 1121),
(137, 1, 'T1', '105', '2024-04-01', NULL, 1000, 112, 1112),
(138, 2, 'T1', '105', '2024-05-01', NULL, 1000, 104, 1104),
(139, 1, 'T1', '105', '2024-06-01', NULL, 1000, 96, 1096),
(140, 2, 'T1', '105', '2024-07-01', NULL, 1000, 87, 1087),
(141, 1, 'T1', '105', '2024-08-01', NULL, 1000, 79, 1079),
(142, 2, 'T1', '105', '2024-09-01', NULL, 1000, 71, 1071),
(143, 1, 'T1', '105', '2024-10-01', NULL, 1000, 62, 1062),
(144, 2, 'T1', '105', '2024-11-01', NULL, 1000, 54, 1054),
(145, 1, 'T1', '105', '2024-12-01', NULL, 1000, 46, 1046),
(146, 2, 'T1', '105', '2025-01-01', NULL, 1000, 37, 1037),
(147, 1, 'T1', '105', '2025-02-01', NULL, 1000, 27, 1027),
(148, 2, 'T1', '105', '2025-03-01', NULL, 1000, 19, 1019),
(149, 1, 'T1', '105', '2025-04-01', NULL, 1000, 10, 1010),
(150, 2, 'T1', '105', '2025-05-01', NULL, 1000, 3, 1003),
(151, 1, 'T1', '106', '2022-12-01', NULL, 1000, 248, 1248),
(152, 2, 'T1', '106', '2023-01-01', NULL, 1000, 239, 1239),
(153, 1, 'T1', '106', '2023-02-01', NULL, 1000, 231, 1231),
(154, 2, 'T1', '106', '2023-03-01', NULL, 1000, 223, 1223),
(155, 1, 'T1', '106', '2023-04-01', NULL, 1000, 215, 1215),
(156, 2, 'T1', '106', '2023-05-01', NULL, 1000, 206, 1206),
(157, 1, 'T1', '106', '2023-06-01', NULL, 1000, 198, 1198),
(158, 2, 'T1', '106', '2023-07-01', NULL, 1000, 190, 1190),
(159, 1, 'T1', '106', '2023-08-01', NULL, 1000, 181, 1181),
(160, 2, 'T1', '106', '2023-09-01', NULL, 1000, 173, 1173),
(161, 1, 'T1', '106', '2023-10-01', NULL, 1000, 165, 1165),
(162, 2, 'T1', '106', '2023-11-01', NULL, 1000, 156, 1156),
(163, 1, 'T1', '106', '2023-12-01', NULL, 1000, 148, 1148),
(164, 2, 'T1', '106', '2024-01-01', NULL, 1000, 138, 1138),
(165, 1, 'T1', '106', '2024-02-01', NULL, 1000, 129, 1129),
(166, 2, 'T1', '106', '2024-03-01', NULL, 1000, 121, 1121),
(167, 1, 'T1', '106', '2024-04-01', NULL, 1000, 112, 1112),
(168, 2, 'T1', '106', '2024-05-01', NULL, 1000, 104, 1104),
(169, 1, 'T1', '106', '2024-06-01', NULL, 1000, 96, 1096),
(170, 2, 'T1', '106', '2024-07-01', NULL, 1000, 87, 1087),
(171, 1, 'T1', '106', '2024-08-01', NULL, 1000, 79, 1079),
(172, 2, 'T1', '106', '2024-09-01', NULL, 1000, 71, 1071),
(173, 1, 'T1', '106', '2024-10-01', NULL, 1000, 62, 1062),
(174, 2, 'T1', '106', '2024-11-01', NULL, 1000, 54, 1054),
(175, 1, 'T1', '106', '2024-12-01', NULL, 1000, 46, 1046),
(176, 2, 'T1', '106', '2025-01-01', NULL, 1000, 37, 1037),
(177, 1, 'T1', '106', '2025-02-01', NULL, 1000, 27, 1027),
(178, 2, 'T1', '106', '2025-03-01', NULL, 1000, 19, 1019),
(179, 1, 'T1', '106', '2025-04-01', NULL, 1000, 10, 1010),
(180, 2, 'T1', '106', '2025-05-01', NULL, 1000, 3, 1003),
(181, 1, 'T1', '107', '2022-12-01', NULL, 1000, 248, 1248),
(182, 2, 'T1', '107', '2023-01-01', NULL, 1000, 239, 1239),
(183, 1, 'T1', '107', '2023-02-01', NULL, 1000, 231, 1231),
(184, 2, 'T1', '107', '2023-03-01', NULL, 1000, 223, 1223),
(185, 1, 'T1', '107', '2023-04-01', NULL, 1000, 215, 1215),
(186, 2, 'T1', '107', '2023-05-01', NULL, 1000, 206, 1206),
(187, 1, 'T1', '107', '2023-06-01', NULL, 1000, 198, 1198),
(188, 2, 'T1', '107', '2023-07-01', NULL, 1000, 190, 1190),
(189, 1, 'T1', '107', '2023-08-01', NULL, 1000, 181, 1181),
(190, 2, 'T1', '107', '2023-09-01', NULL, 1000, 173, 1173),
(191, 1, 'T1', '107', '2023-10-01', NULL, 1000, 165, 1165),
(192, 2, 'T1', '107', '2023-11-01', NULL, 1000, 156, 1156),
(193, 1, 'T1', '107', '2023-12-01', NULL, 1000, 148, 1148),
(194, 2, 'T1', '107', '2024-01-01', NULL, 1000, 138, 1138),
(195, 1, 'T1', '107', '2024-02-01', NULL, 1000, 129, 1129),
(196, 2, 'T1', '107', '2024-03-01', NULL, 1000, 121, 1121),
(197, 1, 'T1', '107', '2024-04-01', NULL, 1000, 112, 1112),
(198, 2, 'T1', '107', '2024-05-01', NULL, 1000, 104, 1104),
(199, 1, 'T1', '107', '2024-06-01', NULL, 1000, 96, 1096),
(200, 2, 'T1', '107', '2024-07-01', NULL, 1000, 87, 1087),
(201, 1, 'T1', '107', '2024-08-01', NULL, 1000, 79, 1079),
(202, 2, 'T1', '107', '2024-09-01', NULL, 1000, 71, 1071),
(203, 1, 'T1', '107', '2024-10-01', NULL, 1000, 62, 1062),
(204, 2, 'T1', '107', '2024-11-01', NULL, 1000, 54, 1054),
(205, 1, 'T1', '107', '2024-12-01', NULL, 1000, 46, 1046),
(206, 2, 'T1', '107', '2025-01-01', NULL, 1000, 37, 1037),
(207, 1, 'T1', '107', '2025-02-01', NULL, 1000, 27, 1027),
(208, 2, 'T1', '107', '2025-03-01', NULL, 1000, 19, 1019),
(209, 1, 'T1', '107', '2025-04-01', NULL, 1000, 10, 1010),
(210, 2, 'T1', '107', '2025-05-01', NULL, 1000, 3, 1003),
(211, 1, 'T1', '108', '2022-12-01', NULL, 1000, 248, 1248),
(212, 2, 'T1', '108', '2023-01-01', NULL, 1000, 239, 1239),
(213, 1, 'T1', '108', '2023-02-01', NULL, 1000, 231, 1231),
(214, 2, 'T1', '108', '2023-03-01', NULL, 1000, 223, 1223),
(215, 1, 'T1', '108', '2023-04-01', NULL, 1000, 215, 1215),
(216, 2, 'T1', '108', '2023-05-01', NULL, 1000, 206, 1206),
(217, 1, 'T1', '108', '2023-06-01', NULL, 1000, 198, 1198),
(218, 2, 'T1', '108', '2023-07-01', NULL, 1000, 190, 1190),
(219, 1, 'T1', '108', '2023-08-01', NULL, 1000, 181, 1181),
(220, 2, 'T1', '108', '2023-09-01', NULL, 1000, 173, 1173),
(221, 1, 'T1', '108', '2023-10-01', NULL, 1000, 165, 1165),
(222, 2, 'T1', '108', '2023-11-01', NULL, 1000, 156, 1156),
(223, 1, 'T1', '108', '2023-12-01', NULL, 1000, 148, 1148),
(224, 2, 'T1', '108', '2024-01-01', NULL, 1000, 138, 1138),
(225, 1, 'T1', '108', '2024-02-01', NULL, 1000, 129, 1129),
(226, 2, 'T1', '108', '2024-03-01', NULL, 1000, 121, 1121),
(227, 1, 'T1', '108', '2024-04-01', NULL, 1000, 112, 1112),
(228, 2, 'T1', '108', '2024-05-01', NULL, 1000, 104, 1104),
(229, 1, 'T1', '108', '2024-06-01', NULL, 1000, 96, 1096),
(230, 2, 'T1', '108', '2024-07-01', NULL, 1000, 87, 1087),
(231, 1, 'T1', '108', '2024-08-01', NULL, 1000, 79, 1079),
(232, 2, 'T1', '108', '2024-09-01', NULL, 1000, 71, 1071),
(233, 1, 'T1', '108', '2024-10-01', NULL, 1000, 62, 1062),
(234, 2, 'T1', '108', '2024-11-01', NULL, 1000, 54, 1054),
(235, 1, 'T1', '108', '2024-12-01', NULL, 1000, 46, 1046),
(236, 2, 'T1', '108', '2025-01-01', NULL, 1000, 37, 1037),
(237, 1, 'T1', '108', '2025-02-01', NULL, 1000, 27, 1027),
(238, 2, 'T1', '108', '2025-03-01', NULL, 1000, 19, 1019),
(239, 1, 'T1', '108', '2025-04-01', NULL, 1000, 10, 1010),
(240, 2, 'T1', '108', '2025-05-01', NULL, 1000, 3, 1003),
(241, 1, 'T1', '109', '2022-12-01', NULL, 1000, 248, 1248),
(242, 2, 'T1', '109', '2023-01-01', NULL, 1000, 239, 1239),
(243, 1, 'T1', '109', '2023-02-01', NULL, 1000, 231, 1231),
(244, 2, 'T1', '109', '2023-03-01', NULL, 1000, 223, 1223),
(245, 1, 'T1', '109', '2023-04-01', NULL, 1000, 215, 1215),
(246, 2, 'T1', '109', '2023-05-01', NULL, 1000, 206, 1206),
(247, 1, 'T1', '109', '2023-06-01', NULL, 1000, 198, 1198),
(248, 2, 'T1', '109', '2023-07-01', NULL, 1000, 190, 1190),
(249, 1, 'T1', '109', '2023-08-01', NULL, 1000, 181, 1181),
(250, 2, 'T1', '109', '2023-09-01', NULL, 1000, 173, 1173),
(251, 1, 'T1', '109', '2023-10-01', NULL, 1000, 165, 1165),
(252, 2, 'T1', '109', '2023-11-01', NULL, 1000, 156, 1156),
(253, 1, 'T1', '109', '2023-12-01', NULL, 1000, 148, 1148),
(254, 2, 'T1', '109', '2024-01-01', NULL, 1000, 138, 1138),
(255, 1, 'T1', '109', '2024-02-01', NULL, 1000, 129, 1129),
(256, 2, 'T1', '109', '2024-03-01', NULL, 1000, 121, 1121),
(257, 1, 'T1', '109', '2024-04-01', NULL, 1000, 112, 1112),
(258, 2, 'T1', '109', '2024-05-01', NULL, 1000, 104, 1104),
(259, 1, 'T1', '109', '2024-06-01', NULL, 1000, 96, 1096),
(260, 2, 'T1', '109', '2024-07-01', NULL, 1000, 87, 1087),
(261, 1, 'T1', '109', '2024-08-01', NULL, 1000, 79, 1079),
(262, 2, 'T1', '109', '2024-09-01', NULL, 1000, 71, 1071),
(263, 1, 'T1', '109', '2024-10-01', NULL, 1000, 62, 1062),
(264, 2, 'T1', '109', '2024-11-01', NULL, 1000, 54, 1054),
(265, 1, 'T1', '109', '2024-12-01', NULL, 1000, 46, 1046),
(266, 2, 'T1', '109', '2025-01-01', NULL, 1000, 37, 1037),
(267, 1, 'T1', '109', '2025-02-01', NULL, 1000, 27, 1027),
(268, 2, 'T1', '109', '2025-03-01', NULL, 1000, 19, 1019),
(269, 1, 'T1', '109', '2025-04-01', NULL, 1000, 10, 1010),
(270, 2, 'T1', '109', '2025-05-01', NULL, 1000, 3, 1003),
(271, 1, 'T1', '110', '2022-12-01', NULL, 1000, 248, 1248),
(272, 2, 'T1', '110', '2023-01-01', NULL, 1000, 239, 1239),
(273, 1, 'T1', '110', '2023-02-01', NULL, 1000, 231, 1231),
(274, 2, 'T1', '110', '2023-03-01', NULL, 1000, 223, 1223),
(275, 1, 'T1', '110', '2023-04-01', NULL, 1000, 215, 1215),
(276, 2, 'T1', '110', '2023-05-01', NULL, 1000, 206, 1206),
(277, 1, 'T1', '110', '2023-06-01', NULL, 1000, 198, 1198),
(278, 2, 'T1', '110', '2023-07-01', NULL, 1000, 190, 1190),
(279, 1, 'T1', '110', '2023-08-01', NULL, 1000, 181, 1181),
(280, 2, 'T1', '110', '2023-09-01', NULL, 1000, 173, 1173),
(281, 1, 'T1', '110', '2023-10-01', NULL, 1000, 165, 1165),
(282, 2, 'T1', '110', '2023-11-01', NULL, 1000, 156, 1156),
(283, 1, 'T1', '110', '2023-12-01', NULL, 1000, 148, 1148),
(284, 2, 'T1', '110', '2024-01-01', NULL, 1000, 138, 1138),
(285, 1, 'T1', '110', '2024-02-01', NULL, 1000, 129, 1129),
(286, 2, 'T1', '110', '2024-03-01', NULL, 1000, 121, 1121),
(287, 1, 'T1', '110', '2024-04-01', NULL, 1000, 112, 1112),
(288, 2, 'T1', '110', '2024-05-01', NULL, 1000, 104, 1104),
(289, 1, 'T1', '110', '2024-06-01', NULL, 1000, 96, 1096),
(290, 2, 'T1', '110', '2024-07-01', NULL, 1000, 87, 1087),
(291, 1, 'T1', '110', '2024-08-01', NULL, 1000, 79, 1079),
(292, 2, 'T1', '110', '2024-09-01', NULL, 1000, 71, 1071),
(293, 1, 'T1', '110', '2024-10-01', NULL, 1000, 62, 1062),
(294, 2, 'T1', '110', '2024-11-01', NULL, 1000, 54, 1054),
(295, 1, 'T1', '110', '2024-12-01', NULL, 1000, 46, 1046),
(296, 2, 'T1', '110', '2025-01-01', NULL, 1000, 37, 1037),
(297, 1, 'T1', '110', '2025-02-01', NULL, 1000, 27, 1027),
(298, 2, 'T1', '110', '2025-03-01', NULL, 1000, 19, 1019),
(299, 1, 'T1', '110', '2025-04-01', NULL, 1000, 10, 1010),
(300, 2, 'T1', '110', '2025-05-01', NULL, 1000, 3, 1003),
(301, 1, 'T2', '201', '2022-12-01', NULL, 1000, 248, 1248),
(302, 2, 'T2', '201', '2023-01-01', NULL, 1000, 239, 1239),
(303, 1, 'T2', '201', '2023-02-01', NULL, 1000, 231, 1231),
(304, 2, 'T2', '201', '2023-03-01', NULL, 1000, 223, 1223),
(305, 1, 'T2', '201', '2023-04-01', NULL, 1000, 215, 1215),
(306, 2, 'T2', '201', '2023-05-01', NULL, 1000, 206, 1206),
(307, 1, 'T2', '201', '2023-06-01', NULL, 1000, 198, 1198),
(308, 2, 'T2', '201', '2023-07-01', NULL, 1000, 190, 1190),
(309, 1, 'T2', '201', '2023-08-01', NULL, 1000, 181, 1181),
(310, 2, 'T2', '201', '2023-09-01', NULL, 1000, 173, 1173),
(311, 1, 'T2', '201', '2023-10-01', NULL, 1000, 165, 1165),
(312, 2, 'T2', '201', '2023-11-01', NULL, 1000, 156, 1156),
(313, 1, 'T2', '201', '2023-12-01', NULL, 1000, 148, 1148),
(314, 2, 'T2', '201', '2024-01-01', NULL, 1000, 138, 1138),
(315, 1, 'T2', '201', '2024-02-01', NULL, 1000, 129, 1129),
(316, 2, 'T2', '201', '2024-03-01', NULL, 1000, 121, 1121),
(317, 1, 'T2', '201', '2024-04-01', NULL, 1000, 112, 1112),
(318, 2, 'T2', '201', '2024-05-01', NULL, 1000, 104, 1104),
(319, 1, 'T2', '201', '2024-06-01', NULL, 1000, 96, 1096),
(320, 2, 'T2', '201', '2024-07-01', NULL, 1000, 87, 1087),
(321, 1, 'T2', '201', '2024-08-01', NULL, 1000, 79, 1079),
(322, 2, 'T2', '201', '2024-09-01', NULL, 1000, 71, 1071),
(323, 1, 'T2', '201', '2024-10-01', NULL, 1000, 62, 1062),
(324, 2, 'T2', '201', '2024-11-01', NULL, 1000, 54, 1054),
(325, 1, 'T2', '201', '2024-12-01', NULL, 1000, 46, 1046),
(326, 2, 'T2', '201', '2025-01-01', NULL, 1000, 37, 1037),
(327, 1, 'T2', '201', '2025-02-01', NULL, 1000, 27, 1027),
(328, 2, 'T2', '201', '2025-03-01', NULL, 1000, 19, 1019),
(329, 1, 'T2', '201', '2025-04-01', NULL, 1000, 10, 1010),
(330, 2, 'T2', '201', '2025-05-01', NULL, 1000, 3, 1003),
(331, 1, 'T2', '202', '2022-12-01', NULL, 1000, 248, 1248),
(332, 2, 'T2', '202', '2023-01-01', NULL, 1000, 239, 1239),
(333, 1, 'T2', '202', '2023-02-01', NULL, 1000, 231, 1231),
(334, 2, 'T2', '202', '2023-03-01', NULL, 1000, 223, 1223),
(335, 1, 'T2', '202', '2023-04-01', NULL, 1000, 215, 1215),
(336, 2, 'T2', '202', '2023-05-01', NULL, 1000, 206, 1206),
(337, 1, 'T2', '202', '2023-06-01', NULL, 1000, 198, 1198),
(338, 2, 'T2', '202', '2023-07-01', NULL, 1000, 190, 1190),
(339, 1, 'T2', '202', '2023-08-01', NULL, 1000, 181, 1181),
(340, 2, 'T2', '202', '2023-09-01', NULL, 1000, 173, 1173),
(341, 1, 'T2', '202', '2023-10-01', NULL, 1000, 165, 1165),
(342, 2, 'T2', '202', '2023-11-01', NULL, 1000, 156, 1156),
(343, 1, 'T2', '202', '2023-12-01', NULL, 1000, 148, 1148),
(344, 2, 'T2', '202', '2024-01-01', NULL, 1000, 138, 1138),
(345, 1, 'T2', '202', '2024-02-01', NULL, 1000, 129, 1129),
(346, 2, 'T2', '202', '2024-03-01', NULL, 1000, 121, 1121),
(347, 1, 'T2', '202', '2024-04-01', NULL, 1000, 112, 1112),
(348, 2, 'T2', '202', '2024-05-01', NULL, 1000, 104, 1104),
(349, 1, 'T2', '202', '2024-06-01', NULL, 1000, 96, 1096),
(350, 2, 'T2', '202', '2024-07-01', NULL, 1000, 87, 1087),
(351, 1, 'T2', '202', '2024-08-01', NULL, 1000, 79, 1079),
(352, 2, 'T2', '202', '2024-09-01', NULL, 1000, 71, 1071),
(353, 1, 'T2', '202', '2024-10-01', NULL, 1000, 62, 1062),
(354, 2, 'T2', '202', '2024-11-01', NULL, 1000, 54, 1054),
(355, 1, 'T2', '202', '2024-12-01', NULL, 1000, 46, 1046),
(356, 2, 'T2', '202', '2025-01-01', NULL, 1000, 37, 1037),
(357, 1, 'T2', '202', '2025-02-01', NULL, 1000, 27, 1027),
(358, 2, 'T2', '202', '2025-03-01', NULL, 1000, 19, 1019),
(359, 1, 'T2', '202', '2025-04-01', NULL, 1000, 10, 1010),
(360, 2, 'T2', '202', '2025-05-01', NULL, 1000, 3, 1003),
(361, 1, 'T2', '203', '2022-12-01', NULL, 1000, 248, 1248),
(362, 2, 'T2', '203', '2023-01-01', NULL, 1000, 239, 1239),
(363, 1, 'T2', '203', '2023-02-01', NULL, 1000, 231, 1231),
(364, 2, 'T2', '203', '2023-03-01', NULL, 1000, 223, 1223),
(365, 1, 'T2', '203', '2023-04-01', NULL, 1000, 215, 1215),
(366, 2, 'T2', '203', '2023-05-01', NULL, 1000, 206, 1206),
(367, 1, 'T2', '203', '2023-06-01', NULL, 1000, 198, 1198),
(368, 2, 'T2', '203', '2023-07-01', NULL, 1000, 190, 1190),
(369, 1, 'T2', '203', '2023-08-01', NULL, 1000, 181, 1181),
(370, 2, 'T2', '203', '2023-09-01', NULL, 1000, 173, 1173),
(371, 1, 'T2', '203', '2023-10-01', NULL, 1000, 165, 1165),
(372, 2, 'T2', '203', '2023-11-01', NULL, 1000, 156, 1156),
(373, 1, 'T2', '203', '2023-12-01', NULL, 1000, 148, 1148),
(374, 2, 'T2', '203', '2024-01-01', NULL, 1000, 138, 1138),
(375, 1, 'T2', '203', '2024-02-01', NULL, 1000, 129, 1129),
(376, 2, 'T2', '203', '2024-03-01', NULL, 1000, 121, 1121),
(377, 1, 'T2', '203', '2024-04-01', NULL, 1000, 112, 1112),
(378, 2, 'T2', '203', '2024-05-01', NULL, 1000, 104, 1104),
(379, 1, 'T2', '203', '2024-06-01', NULL, 1000, 96, 1096),
(380, 2, 'T2', '203', '2024-07-01', NULL, 1000, 87, 1087),
(381, 1, 'T2', '203', '2024-08-01', NULL, 1000, 79, 1079),
(382, 2, 'T2', '203', '2024-09-01', NULL, 1000, 71, 1071),
(383, 1, 'T2', '203', '2024-10-01', NULL, 1000, 62, 1062),
(384, 2, 'T2', '203', '2024-11-01', NULL, 1000, 54, 1054),
(385, 1, 'T2', '203', '2024-12-01', NULL, 1000, 46, 1046),
(386, 2, 'T2', '203', '2025-01-01', NULL, 1000, 37, 1037),
(387, 1, 'T2', '203', '2025-02-01', NULL, 1000, 27, 1027),
(388, 2, 'T2', '203', '2025-03-01', NULL, 1000, 19, 1019),
(389, 1, 'T2', '203', '2025-04-01', NULL, 1000, 10, 1010),
(390, 2, 'T2', '203', '2025-05-01', NULL, 1000, 3, 1003),
(391, 1, 'T2', '204', '2022-12-01', NULL, 1000, 248, 1248),
(392, 2, 'T2', '204', '2023-01-01', NULL, 1000, 239, 1239),
(393, 1, 'T2', '204', '2023-02-01', NULL, 1000, 231, 1231),
(394, 2, 'T2', '204', '2023-03-01', NULL, 1000, 223, 1223),
(395, 1, 'T2', '204', '0000-00-00', NULL, 1000, 215, 1215),
(396, 2, 'T2', '204', '2023-05-01', NULL, 1000, 206, 1206),
(397, 1, 'T2', '204', '2023-06-01', NULL, 1000, 198, 1198),
(398, 2, 'T2', '204', '2023-07-01', NULL, 1000, 190, 1190),
(399, 1, 'T2', '204', '2023-08-01', NULL, 1000, 181, 1181),
(400, 2, 'T2', '204', '2023-09-01', NULL, 1000, 173, 1173),
(401, 1, 'T2', '204', '2023-10-01', NULL, 1000, 165, 1165),
(402, 2, 'T2', '204', '2023-11-01', NULL, 1000, 156, 1156),
(403, 1, 'T2', '204', '2023-12-01', NULL, 1000, 148, 1148),
(404, 2, 'T2', '204', '2024-01-01', NULL, 1000, 138, 1138),
(405, 1, 'T2', '204', '2024-02-01', NULL, 1000, 129, 1129),
(406, 2, 'T2', '204', '2024-03-01', NULL, 1000, 121, 1121),
(407, 1, 'T2', '204', '2024-04-01', NULL, 1000, 112, 1112),
(408, 2, 'T2', '204', '2024-05-01', NULL, 1000, 104, 1104),
(409, 1, 'T2', '204', '2024-06-01', NULL, 1000, 96, 1096),
(410, 2, 'T2', '204', '2024-07-01', NULL, 1000, 87, 1087),
(411, 1, 'T2', '204', '2024-08-01', NULL, 1000, 79, 1079),
(412, 2, 'T2', '204', '2024-09-01', NULL, 1000, 71, 1071),
(413, 1, 'T2', '204', '2024-10-01', NULL, 1000, 62, 1062),
(414, 2, 'T2', '204', '2024-11-01', NULL, 1000, 54, 1054),
(415, 1, 'T2', '204', '2024-12-01', NULL, 1000, 46, 1046),
(416, 2, 'T2', '204', '2025-01-01', NULL, 1000, 37, 1037),
(417, 1, 'T2', '204', '2025-02-01', NULL, 1000, 27, 1027),
(418, 2, 'T2', '204', '2025-03-01', NULL, 1000, 19, 1019),
(419, 1, 'T2', '204', '2025-04-01', NULL, 1000, 10, 1010),
(420, 2, 'T2', '204', '2025-05-01', NULL, 1000, 3, 1003),
(421, 1, 'T2', '205', '2022-12-01', NULL, 1000, 248, 1248),
(422, 2, 'T2', '205', '2023-01-01', NULL, 1000, 239, 1239),
(423, 1, 'T2', '205', '2023-02-01', NULL, 1000, 231, 1231),
(424, 2, 'T2', '205', '2023-03-01', NULL, 1000, 223, 1223),
(425, 1, 'T2', '205', '2023-04-01', NULL, 1000, 215, 1215),
(426, 2, 'T2', '205', '2023-05-01', NULL, 1000, 206, 1206),
(427, 1, 'T2', '205', '2023-06-01', NULL, 1000, 198, 1198),
(428, 2, 'T2', '205', '2023-07-01', NULL, 1000, 190, 1190),
(429, 1, 'T2', '205', '2023-08-01', NULL, 1000, 181, 1181),
(430, 2, 'T2', '205', '2023-09-01', NULL, 1000, 173, 1173),
(431, 1, 'T2', '205', '2023-10-01', NULL, 1000, 165, 1165),
(432, 2, 'T2', '205', '2023-11-01', NULL, 1000, 156, 1156),
(433, 1, 'T2', '205', '2023-12-01', NULL, 1000, 148, 1148),
(434, 2, 'T2', '205', '2024-01-01', NULL, 1000, 138, 1138),
(435, 1, 'T2', '205', '2024-02-01', NULL, 1000, 129, 1129),
(436, 2, 'T2', '205', '2024-03-01', NULL, 1000, 121, 1121),
(437, 1, 'T2', '205', '2024-04-01', NULL, 1000, 112, 1112),
(438, 2, 'T2', '205', '2024-05-01', NULL, 1000, 104, 1104),
(439, 1, 'T2', '205', '2024-06-01', NULL, 1000, 96, 1096),
(440, 2, 'T2', '205', '2024-07-01', NULL, 1000, 87, 1087),
(441, 1, 'T2', '205', '2024-08-01', NULL, 1000, 79, 1079),
(442, 2, 'T2', '205', '2024-09-01', NULL, 1000, 71, 1071),
(443, 1, 'T2', '205', '2024-10-01', NULL, 1000, 62, 1062),
(444, 2, 'T2', '205', '2024-11-01', NULL, 1000, 54, 1054),
(445, 1, 'T2', '205', '2024-12-01', NULL, 1000, 46, 1046),
(446, 2, 'T2', '205', '2025-01-01', NULL, 1000, 37, 1037),
(447, 1, 'T2', '205', '2025-02-01', NULL, 1000, 27, 1027),
(448, 2, 'T2', '205', '2025-03-01', NULL, 1000, 19, 1019),
(449, 1, 'T2', '205', '2025-04-01', NULL, 1000, 10, 1010),
(450, 2, 'T2', '205', '2025-05-01', NULL, 1000, 3, 1003),
(451, 1, 'T2', '206', '2022-12-01', NULL, 1000, 248, 1248),
(452, 2, 'T2', '206', '2023-01-01', NULL, 1000, 239, 1239),
(453, 1, 'T2', '206', '2023-02-01', NULL, 1000, 231, 1231),
(454, 2, 'T2', '206', '2023-03-01', NULL, 1000, 223, 1223),
(455, 1, 'T2', '206', '2023-04-01', NULL, 1000, 215, 1215),
(456, 2, 'T2', '206', '2023-05-01', NULL, 1000, 206, 1206),
(457, 1, 'T2', '206', '2023-06-01', NULL, 1000, 198, 1198),
(458, 2, 'T2', '206', '2023-07-01', NULL, 1000, 190, 1190),
(459, 1, 'T2', '206', '2023-08-01', NULL, 1000, 181, 1181),
(460, 2, 'T2', '206', '2023-09-01', NULL, 1000, 173, 1173),
(461, 1, 'T2', '206', '2023-10-01', NULL, 1000, 165, 1165),
(462, 2, 'T2', '206', '2023-11-01', NULL, 1000, 156, 1156),
(463, 1, 'T2', '206', '2023-12-01', NULL, 1000, 148, 1148),
(464, 2, 'T2', '206', '2024-01-01', NULL, 1000, 138, 1138),
(465, 1, 'T2', '206', '2024-02-01', NULL, 1000, 129, 1129),
(466, 2, 'T2', '206', '2024-03-01', NULL, 1000, 121, 1121),
(467, 1, 'T2', '206', '2024-04-01', NULL, 1000, 112, 1112),
(468, 2, 'T2', '206', '2024-05-01', NULL, 1000, 104, 1104),
(469, 1, 'T2', '206', '2024-06-01', NULL, 1000, 96, 1096),
(470, 2, 'T2', '206', '2024-07-01', NULL, 1000, 87, 1087),
(471, 1, 'T2', '206', '2024-08-01', NULL, 1000, 79, 1079),
(472, 2, 'T2', '206', '2024-09-01', NULL, 1000, 71, 1071),
(473, 1, 'T2', '206', '2024-10-01', NULL, 1000, 62, 1062),
(474, 2, 'T2', '206', '2024-11-01', NULL, 1000, 54, 1054),
(475, 1, 'T2', '206', '2024-12-01', NULL, 1000, 46, 1046),
(476, 2, 'T2', '206', '2025-01-01', NULL, 1000, 37, 1037),
(477, 1, 'T2', '206', '2025-02-01', NULL, 1000, 27, 1027),
(478, 2, 'T2', '206', '2025-03-01', NULL, 1000, 19, 1019),
(479, 1, 'T2', '206', '2025-04-01', NULL, 1000, 10, 1010),
(480, 2, 'T2', '206', '2025-05-01', NULL, 1000, 3, 1003),
(481, 1, 'T2', '207', '2022-12-01', NULL, 1000, 248, 1248),
(482, 2, 'T2', '207', '2023-01-01', NULL, 1000, 239, 1239),
(483, 1, 'T2', '207', '2023-02-01', NULL, 1000, 231, 1231),
(484, 2, 'T2', '207', '2023-03-01', NULL, 1000, 223, 1223),
(485, 1, 'T2', '207', '2023-04-01', NULL, 1000, 215, 1215),
(486, 2, 'T2', '207', '2023-05-01', NULL, 1000, 206, 1206),
(487, 1, 'T2', '207', '2023-06-01', NULL, 1000, 198, 1198),
(488, 2, 'T2', '207', '2023-07-01', NULL, 1000, 190, 1190),
(489, 1, 'T2', '207', '2023-08-01', NULL, 1000, 181, 1181),
(490, 2, 'T2', '207', '2023-09-01', NULL, 1000, 173, 1173),
(491, 1, 'T2', '207', '2023-10-01', NULL, 1000, 165, 1165),
(492, 2, 'T2', '207', '2023-11-01', NULL, 1000, 156, 1156),
(493, 1, 'T2', '207', '2023-12-01', NULL, 1000, 148, 1148),
(494, 2, 'T2', '207', '2024-01-01', NULL, 1000, 138, 1138),
(495, 1, 'T2', '207', '2024-02-01', NULL, 1000, 129, 1129),
(496, 2, 'T2', '207', '2024-03-01', NULL, 1000, 121, 1121),
(497, 1, 'T2', '207', '2024-04-01', NULL, 1000, 112, 1112),
(498, 2, 'T2', '207', '2024-05-01', NULL, 1000, 104, 1104),
(499, 1, 'T2', '207', '2024-06-01', NULL, 1000, 96, 1096),
(500, 2, 'T2', '207', '2024-07-01', NULL, 1000, 87, 1087),
(501, 1, 'T2', '207', '2024-08-01', NULL, 1000, 79, 1079),
(502, 2, 'T2', '207', '2024-09-01', NULL, 1000, 71, 1071),
(503, 1, 'T2', '207', '2024-10-01', NULL, 1000, 62, 1062),
(504, 2, 'T2', '207', '2024-11-01', NULL, 1000, 54, 1054),
(505, 1, 'T2', '207', '2024-12-01', NULL, 1000, 46, 1046),
(506, 2, 'T2', '207', '2025-01-01', NULL, 1000, 37, 1037),
(507, 1, 'T2', '207', '2025-02-01', NULL, 1000, 27, 1027),
(508, 2, 'T2', '207', '2025-03-01', NULL, 1000, 19, 1019),
(509, 1, 'T2', '207', '2025-04-01', NULL, 1000, 10, 1010),
(510, 2, 'T2', '207', '2025-05-01', NULL, 1000, 3, 1003),
(511, 1, 'T2', '208', '2022-12-01', NULL, 1000, 248, 1248),
(512, 2, 'T2', '208', '2023-01-01', NULL, 1000, 239, 1239),
(513, 1, 'T2', '208', '2023-02-01', NULL, 1000, 231, 1231),
(514, 2, 'T2', '208', '2023-03-01', NULL, 1000, 223, 1223),
(515, 1, 'T2', '208', '2023-04-01', NULL, 1000, 215, 1215),
(516, 2, 'T2', '208', '2023-05-01', NULL, 1000, 206, 1206),
(517, 1, 'T2', '208', '2023-06-01', NULL, 1000, 198, 1198),
(518, 2, 'T2', '208', '2023-07-01', NULL, 1000, 190, 1190),
(519, 1, 'T2', '208', '2023-08-01', NULL, 1000, 181, 1181),
(520, 2, 'T2', '208', '2023-09-01', NULL, 1000, 173, 1173),
(521, 1, 'T2', '208', '2023-10-01', NULL, 1000, 165, 1165),
(522, 2, 'T2', '208', '2023-11-01', NULL, 1000, 156, 1156),
(523, 1, 'T2', '208', '2023-12-01', NULL, 1000, 148, 1148),
(524, 2, 'T2', '208', '2024-01-01', NULL, 1000, 138, 1138),
(525, 1, 'T2', '208', '2024-02-01', NULL, 1000, 129, 1129),
(526, 2, 'T2', '208', '2024-03-01', NULL, 1000, 121, 1121),
(527, 1, 'T2', '208', '2024-04-01', NULL, 1000, 112, 1112),
(528, 2, 'T2', '208', '2024-05-01', NULL, 1000, 104, 1104),
(529, 1, 'T2', '208', '2024-06-01', NULL, 1000, 96, 1096),
(530, 2, 'T2', '208', '2024-07-01', NULL, 1000, 87, 1087),
(531, 1, 'T2', '208', '2024-08-01', NULL, 1000, 79, 1079),
(532, 2, 'T2', '208', '2024-09-01', NULL, 1000, 71, 1071),
(533, 1, 'T2', '208', '2024-10-01', NULL, 1000, 62, 1062),
(534, 2, 'T2', '208', '2024-11-01', NULL, 1000, 54, 1054),
(535, 1, 'T2', '208', '2024-12-01', NULL, 1000, 46, 1046),
(536, 2, 'T2', '208', '2025-01-01', NULL, 1000, 37, 1037),
(537, 1, 'T2', '208', '2025-02-01', NULL, 1000, 27, 1027),
(538, 2, 'T2', '208', '2025-03-01', NULL, 1000, 19, 1019),
(539, 1, 'T2', '208', '2025-04-01', NULL, 1000, 10, 1010),
(540, 2, 'T2', '208', '2025-05-01', NULL, 1000, 3, 1003),
(541, 1, 'T2', '209', '2022-12-01', NULL, 1000, 248, 1248),
(542, 2, 'T2', '209', '2023-01-01', NULL, 1000, 239, 1239),
(543, 1, 'T2', '209', '2023-02-01', NULL, 1000, 231, 1231),
(544, 2, 'T2', '209', '2023-03-01', NULL, 1000, 223, 1223),
(545, 1, 'T2', '209', '2023-04-01', NULL, 1000, 215, 1215),
(546, 2, 'T2', '209', '2023-05-01', NULL, 1000, 206, 1206),
(547, 1, 'T2', '209', '2023-06-01', NULL, 1000, 198, 1198),
(548, 2, 'T2', '209', '2023-07-01', NULL, 1000, 190, 1190),
(549, 1, 'T2', '209', '2023-08-01', NULL, 1000, 181, 1181),
(550, 2, 'T2', '209', '2023-09-01', NULL, 1000, 173, 1173),
(551, 1, 'T2', '209', '2023-10-01', NULL, 1000, 165, 1165),
(552, 2, 'T2', '209', '2023-11-01', NULL, 1000, 156, 1156),
(553, 1, 'T2', '209', '2023-12-01', NULL, 1000, 148, 1148),
(554, 2, 'T2', '209', '2024-01-01', NULL, 1000, 138, 1138),
(555, 1, 'T2', '209', '2024-02-01', NULL, 1000, 129, 1129),
(556, 2, 'T2', '209', '2024-03-01', NULL, 1000, 121, 1121),
(557, 1, 'T2', '209', '2024-04-01', NULL, 1000, 112, 1112),
(558, 2, 'T2', '209', '2024-05-01', NULL, 1000, 104, 1104),
(559, 1, 'T2', '209', '2024-06-01', NULL, 1000, 96, 1096),
(560, 2, 'T2', '209', '2024-07-01', NULL, 1000, 87, 1087),
(561, 1, 'T2', '209', '2024-08-01', NULL, 1000, 79, 1079),
(562, 2, 'T2', '209', '2024-09-01', NULL, 1000, 71, 1071),
(563, 1, 'T2', '209', '2024-10-01', NULL, 1000, 62, 1062),
(564, 2, 'T2', '209', '2024-11-01', NULL, 1000, 54, 1054),
(565, 1, 'T2', '209', '2024-12-01', NULL, 1000, 46, 1046),
(566, 2, 'T2', '209', '2025-01-01', NULL, 1000, 37, 1037),
(567, 1, 'T2', '209', '2025-02-01', NULL, 1000, 27, 1027),
(568, 2, 'T2', '209', '2025-03-01', NULL, 1000, 19, 1019),
(569, 1, 'T2', '209', '2025-04-01', NULL, 1000, 10, 1010),
(570, 2, 'T2', '209', '2025-05-01', NULL, 1000, 3, 1003),
(571, 1, 'T2', '210', '2022-12-01', NULL, 1000, 248, 1248),
(572, 2, 'T2', '210', '2023-01-01', NULL, 1000, 239, 1239),
(573, 1, 'T2', '210', '2023-02-01', NULL, 1000, 231, 1231),
(574, 2, 'T2', '210', '2023-03-01', NULL, 1000, 223, 1223),
(575, 1, 'T2', '210', '2023-04-01', NULL, 1000, 215, 1215),
(576, 2, 'T2', '210', '2023-05-01', NULL, 1000, 206, 1206),
(577, 1, 'T2', '210', '2023-06-01', NULL, 1000, 198, 1198),
(578, 2, 'T2', '210', '2023-07-01', NULL, 1000, 190, 1190),
(579, 1, 'T2', '210', '2023-08-01', NULL, 1000, 181, 1181),
(580, 2, 'T2', '210', '2023-09-01', NULL, 1000, 173, 1173),
(581, 1, 'T2', '210', '2023-10-01', NULL, 1000, 165, 1165),
(582, 2, 'T2', '210', '2023-11-01', NULL, 1000, 156, 1156),
(583, 1, 'T2', '210', '2023-12-01', NULL, 1000, 148, 1148),
(584, 2, 'T2', '210', '2024-01-01', NULL, 1000, 138, 1138),
(585, 1, 'T2', '210', '2024-02-01', NULL, 1000, 129, 1129),
(586, 2, 'T2', '210', '2024-03-01', NULL, 1000, 121, 1121),
(587, 1, 'T2', '210', '2024-04-01', NULL, 1000, 112, 1112),
(588, 2, 'T2', '210', '2024-05-01', NULL, 1000, 104, 1104),
(589, 1, 'T2', '210', '2024-06-01', NULL, 1000, 96, 1096),
(590, 2, 'T2', '210', '2024-07-01', NULL, 1000, 87, 1087),
(591, 1, 'T2', '210', '2024-08-01', NULL, 1000, 79, 1079),
(592, 2, 'T2', '210', '2024-09-01', NULL, 1000, 71, 1071),
(593, 1, 'T2', '210', '2024-10-01', NULL, 1000, 62, 1062),
(594, 2, 'T2', '210', '2024-11-01', NULL, 1000, 54, 1054),
(595, 1, 'T2', '210', '2024-12-01', NULL, 1000, 46, 1046),
(596, 2, 'T2', '210', '2025-01-01', NULL, 1000, 37, 1037),
(597, 1, 'T2', '210', '2025-02-01', NULL, 1000, 27, 1027),
(598, 2, 'T2', '210', '2025-03-01', NULL, 1000, 19, 1019),
(599, 1, 'T2', '210', '2025-04-01', NULL, 1000, 10, 1010),
(600, 2, 'T2', '210', '2025-05-01', NULL, 1000, 3, 1003);

-- --------------------------------------------------------

--
-- Estructura de tabla para la tabla `propietario`
--

CREATE TABLE `propietario` (
  `idPropietario` int(11) NOT NULL,
  `nombre` varchar(100) NOT NULL,
  `apellido` varchar(100) NOT NULL,
  `correo` varchar(100) NOT NULL,
  `clave` varchar(100) NOT NULL,
  `fecha_nacimiento` date NOT NULL
) ENGINE=InnoDB DEFAULT CHARSET=utf8mb4 COLLATE=utf8mb4_general_ci;

--
-- Volcado de datos para la tabla `propietario`
--

INSERT INTO `propietario` (`idPropietario`, `nombre`, `apellido`, `correo`, `clave`, `fecha_nacimiento`) VALUES
(1, 'Carolina', 'Pérez', 'carolina.perez@example.com', '202cb962ac59075b964b07152d234b70', '1980-05-10'),
(2, 'Miguel', 'Ramírez', 'miguel.ramirez@example.com', '202cb962ac59075b964b07152d234b70', '1990-08-22');

--
-- Índices para tablas volcadas
--

--
-- Indices de la tabla `administrador`
--
ALTER TABLE `administrador`
  ADD PRIMARY KEY (`idAdministrador`);

--
-- Indices de la tabla `apartamento`
--
ALTER TABLE `apartamento`
  ADD PRIMARY KEY (`torre`,`apartamento`),
  ADD KEY `fk_Apartamento_Propietario_idx` (`Propietario_idPropietario`);

--
-- Indices de la tabla `factura`
--
ALTER TABLE `factura`
  ADD KEY `fk_Factura_Administrador1_idx` (`Administrador_idAdministrador`),
  ADD KEY `fk_Factura_Apartamento1_idx` (`Apartamento_torre`,`Apartamento_apartamento`);

--
-- Indices de la tabla `propietario`
--
ALTER TABLE `propietario`
  ADD PRIMARY KEY (`idPropietario`);

--
-- Restricciones para tablas volcadas
--

--
-- Filtros para la tabla `apartamento`
--
ALTER TABLE `apartamento`
  ADD CONSTRAINT `fk_Apartamento_Propietario` FOREIGN KEY (`Propietario_idPropietario`) REFERENCES `propietario` (`idPropietario`) ON DELETE NO ACTION ON UPDATE NO ACTION;

--
-- Filtros para la tabla `factura`
--
ALTER TABLE `factura`
  ADD CONSTRAINT `fk_Factura_Administrador1` FOREIGN KEY (`Administrador_idAdministrador`) REFERENCES `administrador` (`idAdministrador`) ON DELETE NO ACTION ON UPDATE NO ACTION,
  ADD CONSTRAINT `fk_Factura_Apartamento1` FOREIGN KEY (`Apartamento_torre`,`Apartamento_apartamento`) REFERENCES `apartamento` (`torre`, `apartamento`) ON DELETE NO ACTION ON UPDATE NO ACTION;
COMMIT;

/*!40101 SET CHARACTER_SET_CLIENT=@OLD_CHARACTER_SET_CLIENT */;
/*!40101 SET CHARACTER_SET_RESULTS=@OLD_CHARACTER_SET_RESULTS */;
/*!40101 SET COLLATION_CONNECTION=@OLD_COLLATION_CONNECTION */;
ALTER TABLE factura
ADD COLUMN porcentaje_interes INT;
